Rev 5.1 07.05.2025,,,,,,,TAT: 2.3 days,,,,,,,,,,,,,,,,,,,,,,,,,,,,,,,,,,,,,,,,,,,,TAT: 2.2 days,,,,,,,,,,,,,,,,,,,,,,,,,,,,,,,,,,,,,,2nd Revised,,,,,,,,,,,Festive Week (Hari Raya Puasa),,,,,,,,,,,,,,,,,,,,,,,,,,,,,,,,,,,,,,,,,,,,,,,,,,,,,Monthly,,,,,,,,,,,,,,,,,,,,,,,,,,,,,,,,,,,,,,,,,,,,,,,,,,,,,,,,,,,,,,,,
,,,,,,,"13 Batches = 3,560,000",,,,,,,,,,,,,,,,,,,,,,,,,,,,,,,,,,,,,,,,,,,,"11 Batches = 2,860,000",,,,,,,,,,,,,,,,,,,,,,,,,,,,,,,,1st Revised,,,,,, Filling Cutoff,,,,,,,,,,,PH,,,,,,,,,,,,,,,,,,Monthly,,,,,,,,,,,,,,,,,,,,,,,,,,,,,,We are here,,,,,Q1 Filling,,,,,,,,,,,,,,,,,,,,,,,,,,,,,,,,,,,,,,,,,,,,,,,,,,,,,,,,,,,,,,,,
,,,,,,,,,,,,,,,,,,,,,,,,,,,,,,,,,,,,,,,,,,,,,,,,,,,,,,,,,,,,,,,,,,,,,,,,,,,,Filling,,,,,,,Filling,,,,,,US/EU Dispatch,,,,,,,EM Dispatch,Local Dispatch,,,Packing,,,,,,,,,,,,,,,,,,Q1 Filling,,,,,,,,,,,,,,,,,,,,,,,,,,,,,,,,,,,Cutoff,,,,,,,,,,,,,,,,,,,,,,,,,,,,,,,,Q1 Filling,,,,,,,,,,,,,,,,,,,,,,,,,,,,,,,,
,,,,,,,,,,,,,,,,,,,,,,,,PH,PH,,,,,,,,,,,,,,,,PH,,,,,,,,,,,,,,,,,,,,,,,,,,,PH,RPH,,,,,,,Cutoff,,,,,,,Cutoff,,,,,,Cutoff,,,PH,RPH,,,Cutoff,Cutoff,,,Cutoff,PH,,,,,,,,,,,,,,,,,Cutoff,,,,,,,,,,,,,,,,,,,PH,,,,,,,,,,,,PH,,,,Inspection team from Germany,,,,,,,,,,,,,,,,,,,PH,,,,,PH,,,,,,,,Cutoff,,,,,,,,,,,,PH,,,,,,,,,,,,,,,,,,,,
,,,,,,,,,,,,,,,,,,,,,,,,,,,,,,,,,,,,,,,,,,,,,,,,,,,,,,,,,,,,,,,,,,,,,,,,,,,,,,,,,,,,,,,,,,,,,,,,,,,,,,,,,,,,,,,,,,,,,,,,,,,,,,,,,,,,,,,,,,,,,,,,,,,,,,,,,,,,,,,,,,,,,,,,,,,,,,,,,,,,,,,,,,,,,,,,,,,,,,,,,,,,,,,,,,,,,,,,,
,11-Jan,12-Jan,13-Jan,14-Jan,,15-Jan,16-Jan,17-Jan,18-Jan,19-Jan,20-Jan,21-Jan,22-Jan,,23-Jan,24-Jan,25-Jan,,26-Jan,27-Jan,,28-Jan,,29-Jan,30-Jan,,31-Jan,1-Feb,2-Feb,3-Feb,,4-Feb,5-Feb,6-Feb,,7-Feb,8-Feb,9-Feb,,10-Feb,11-Feb,,12-Feb,13-Feb,14-Feb,,,15-Feb,,,16-Feb,17-Feb,18-Feb,,,19-Feb,20-Feb,21-Feb,22-Feb,23-Feb,24-Feb,25-Feb,26-Feb,27-Feb,28-Feb,,1-Mar,2-Mar,3-Mar,4-Mar,5-Mar,6-Mar,7-Mar,8-Mar,9-Mar,10-Mar,11-Mar,,12-Mar,13-Mar,,14-Mar,15-Mar,16-Mar,17-Mar,18-Mar,19-Mar,,20-Mar,21-Mar,22-Mar,23-Mar,24-Mar,25-Mar,26-Mar,27-Mar,28-Mar,29-Mar,30-Mar,31-Mar,1-Apr,2-Apr,3-Apr,4-Apr,5-Apr,6-Apr,7-Apr,8-Apr,9-Apr,,10-Apr,,11-Apr,12-Apr,13-Apr,14-Apr,,15-Apr,,16-Apr,17-Apr,,18-Apr,19-Apr,,20-Apr,21-Apr,22-Apr,23-Apr,24-Apr,25-Apr,26-Apr,27-Apr,28-Apr,29-Apr,30-Apr,1-May,2-May,3-May,4-May,5-May,6-May,,7-May,8-May,9-May,10-May,11-May,12-May,13-May,14-May,,15-May,16-May,17-May,18-May,19-May,20-May,21-May,22-May,23-May,24-May,25-May,26-May,27-May,,28-May,29-May,30-May,31-May,1-Jun,2-Jun,3-Jun,4-Jun,5-Jun,6-Jun,7-Jun,8-Jun,9-Jun,10-Jun,11-Jun,12-Jun,13-Jun,14-Jun,15-Jun,16-Jun,17-Jun,18-Jun,19-Jun,20-Jun,21-Jun,22-Jun,23-Jun,24-Jun,25-Jun,26-Jun,27-Jun,28-Jun,29-Jun,30-Jun,1-Jul,2-Jul,3-Jul,4-Jul,5-Jul,6-Jul,7-Jul,8-Jul,9-Jul,10-Jul,,,,,,,
Formulation & Filling (SCM Plan Date 16.04.2025),GAIA Cart GE02 (BS24006856) COGS - sMCB,,,Sealing trial (replace the outer silicone nozel),GAIA Cart GE03 (BS24007647) MCB,,,GAIA Cart GF58 (BS24006714) COGS - PRS (API),,,GAIA Cart GF59 (BS24006715) COGS,,,"1Day-Filling Line PM + PM half-yearly FV22, FV23, FV24, ITM04, ITM05, ITM 06, FV35, FV36, FV37 + Filling and sealing LAF PM",GAIA Cart GF60 (BS24008340) COGS,,"RH excursion, Issue at CUB chiller from 17:20. RH value stable at 01:29 (Total impacted 18hrs 25 min)",GAIA Cart GF60 (BS24008340) COGS,GAIA Cart GF61 (BS24008341) COGS,,,,GAIA Cart GF62 (BS24008342) COGS,,,"EM Equipment Weekly PM (Depyrogenation Tunnel, Combi Filling Machine & Sealing Inspection Machine)/ EM Equipment Monthly PM (Automatic Washing Machine, Depyrogenation Tunnel & Combi Filling Machine) 3 hrs",GAIA Cart GF63 (BS24008737) COGS,,,,EM PM HVAC (Static Pass Box - Exit Change Room & Disinfectant Area),GAIA Cart GF64 (BS24008905) COGS,,GAIA Cart GF65 (BS24008744) COGS - 1150L PV1,,,,GAIA Cart GF66 (BS24008842) COGS - 1150L PV2,,,,,GAIA Cart GF67 (BS24008862) COGS - 1150L PV3,,,,,1.5Days-Filling Line RQ for Cart (Filling & Sealling) (Due on 28/02/2025) - BI24017365,,,,3days-Clean Utility PM (Due on 27/02/25) + Grade A & B Area and equipment  RQ,,,,,GAIA Vial GW19 (BS24006853) COGS,,,GAIA Vial GW20 (BS24008589) COGS,,GAIA Vial GW21 (BS24008591) COGS,,GAIA Vial GW22 (BS24009368) COGS,,,GAIA Vial GW23 (BS24009685) COGS - Guatemala (Use reserved API),,GAIA Cart GF68 (BS24009813) COGS,,,GAIA Cart GF69 (BS24009814) COGS,,GAIA Cart GF70 (BS24009815) COGS,,GAIA Cart GF71 (BS24009816) COGS - PRS (API),,,Insugen R Cart R06 (BS24009818),,,GAIA Cart GF72 (BS24009817) COGS,,GAIA Vial GW24 (BS24010184) COGS,,,GAIA Vial GW25 (BS24010191) COGS,,,GAIA Vial GW26 (BS24010192) COGS - Batch aborted (The flexbag at SURF got burst),GAIA Vial GW27 (BS24010193) COGS,,,GAIA Vial GW28 (BS24010542) COGS,,GAIA Cart GF73 (BS24010487) COGS,,GAIA Cart GF74 (BS24010488) COGS - 1150L,,GF74/,GAIA Cart GF75 (BS24010489) COGS - 1150L,,GF75/ MRF 1000472143 - ACV06 door cannot open (10:25 - 17:01 - 6hrs 36min),GAIA Cart GE04 (BS24010815) COGS - sMCB EU 1150L,,GE04/ PRID#250639 raised for new intervention MLD stopper lock 1 position monitoring and low yield,MRF 1000472648 - One of the thread for CAM shaft support got broken.,GAIA Cart GE05 (BS24010816) COGS - sMCB EU 1150L,,,GE05/,"Troubleshoot stopper lock and Trial by EM, PDP and Syntegon",,,8hrs (once a month)-Area Fumigation (8 hrs/month),GAIA Cart GE06 (BS24010817) COGS - sMCB EU 1150L,,,,MRF 1000473995 - Calibration of MiniCapt Pro-E Microbial Air Sampler & Area Cleaning,GAIA Cart GE07 (BS25000294) COGS - sMCB EU 1150L,,,GAIA Cart GF76 (BS24010490) COGS - 1150L,,,/,GAIA Cart GF77 (BS25000295) COGS - 1150L,,GAIA Cart GF78 (BS2400) COGS - 1150L,,/,Aspart Cart AC07 (BS2400),,GAIA Cart GF79 (BS2400) COGS - 1150L,,/,GAIA Vial (GW29) COGS,,"2Days-Filling Line RQ for Vial (Washing, Filling & Sealling) (Due on 14/05/2025)",,Aspart Vial Diluent AD04 (BS2400),,,Aspart Vial AV03 (BS2400),,GAIA Vial (GW30) COGS,,GAIA Vial (GW31) COGS,,GAIA Vial (GW32) COGS,,,"3Days-Clean Utilities PM & Sanitisation +  PUW Generation PM with Sanitisation + PUW Storage & Distribution PM with Sanitisation + WFI Storage & Distribution PM with Sterilisation + RQ Grade C & D area AHU + PM Grade B,C & D area AHU ",,,GAIA Cart GF80 (BS2400) COGS - 1150L,,/,2Days-GAIA Cart P6.2 DP (900kg) - GD01,,GAIA Cart GF81 (BS2400) COGS - 1150L,,GAIA Cart GF82 (BS2400) COGS - 1150L,,,GAIA Cart GF83 (BS2400) COGS - 1150L,,/,GAIA Cart GF84 (BS2400) COGS - 1150L,,Aspart Cart AC08 (BS2400),,/,GAIA Cart GF85 (BS2400) COGS - 1150L,,GAIA Cart GF86 (BS2400) COGS - 1150L,,/,GAIA Cart GF87 (BS2400) COGS - PRS (API),,GAIA Cart GF88 (BS2400) COGS - 1150L,,/,8hrs (once a month)-Area Fumigation (8 hrs/month),5Days-Media Fill R/Aspart/Glargine Vial + Gasket Change (Due date 18/06/2025),,,Pre Media Fill activity Gasket Change,3Days-Passivation of formulation/transfer vessel (Due date 14/06/2025),,,,,,,,,,,,,,,,,,,,,,,,,,,
1st Formulation & Filling (Base Plan 19.03.2025),GAIA Cart GE02 (BS24006856) COGS - sMCB,,,Sealing trial (replace the outer silicone nozel),GAIA Cart GE03 (BS24007647) MCB,,,GAIA Cart GF58 (BS24006714) COGS - PRS (API),,,GAIA Cart GF59 (BS24006715) COGS,,,"1Day-Filling Line PM + PM half-yearly FV22, FV23, FV24, ITM04, ITM05, ITM 06, FV35, FV36, FV37 + Filling and sealing LAF PM",GAIA Cart GF60 (BS24008340) COGS,,"RH excursion, Issue at CUB chiller from 17:20. RH value stable at 01:29 (Total impacted 18hrs 25 min)",GAIA Cart GF60 (BS24008340) COGS,GAIA Cart GF61 (BS24008341) COGS,,,,GAIA Cart GF62 (BS24008342) COGS,,,"EM Equipment Weekly PM (Depyrogenation Tunnel, Combi Filling Machine & Sealing Inspection Machine)/ EM Equipment Monthly PM (Automatic Washing Machine, Depyrogenation Tunnel & Combi Filling Machine) 3 hrs",GAIA Cart GF63 (BS24008737) COGS,,,,EM PM HVAC (Static Pass Box - Exit Change Room & Disinfectant Area),GAIA Cart GF64 (BS24008905) COGS,,"EM Equipment Weekly PM (Automatic Washing Machine, Depyrogenation Tunnel, Combi Filling Machine & Sealing Inspection Machine) 2 hrs",8hrs (once a month)-Area Fumigation (8 hrs/month),GAIA Cart GF65 (BS24008744) COGS - 1150L PV1,,IA Equipment Calibration (Formulation Vessel 37 * 03-01-FV-37),GAIA Cart GF66 (BS24008842) COGS - 1150L PV2,,,8hrs (once a month)-Area Fumigation (8 hrs/month) - ,GAIA Cart GF67 (BS24008862) COGS - 1150L PV3,,,"EM Equipment Weekly PM (Automatic Washing Machine, Depyrogenation Tunnel, Combi Filling Machine & Sealing Inspection Machine)/ EM Equipment Monthly PM (Autoclave FOF 6/AA) 2 hrs",1.5Days-Filling Line RQ for Cart (Filling & Sealling) (Due on 28/02/2025) - BI24017365,,IA Equipment Calibration (Caustic Storage Tank * 03-01-ALT-01 & Cold Room * DP-CL 08),3days-Clean Utility PM (Due on 27/02/25) + Grade A & B Area and equipment  RQ (Frequency 6 month),,,"EM Equipment Weekly PM (Automatic Washing Machine, Depyrogenation Tunnel, Combi Filling Machine & Sealing Inspection Machine) 2 hrs",Filling line trial for Vial,GAIA Vial GW19 (BS24006853) COGS,,,,,GAIA Vial GW20 (BS24008589) COGS,,GAIA Vial GW21 (BS24008591) COGS,,GAIA Vial GW22 (BS24009368) COGS,,,GAIA Vial GW23 (BS24009685) COGS - Guatemala (Use reserved API),,GAIA Cart GF68 (BS24009813) COGS,,,GAIA Cart GF69 (BS24009814) COGS,,8hrs (once a month)-Area Fumigation (8 hrs/month),GAIA Cart GF70 (BS24009815) COGS,GAIA Cart GF71 (BS24009816) COGS - PRS (API),,,Insugen R Cart R06 (BS24009818),,,GAIA Cart GF72 (BS24009817) COGS,,GAIA Vial GW24 (BS24010184) COGS,,,GAIA Vial GW25 (BS24010191) COGS,,,GAIA Vial GW26 (BS24010192) COGS - Batch aborted (The flexbag at SURF got burst),GAIA Vial GW27 (BS24010193) COGS,,,GAIA Vial GW28 (BS24010542) COGS,,GAIA Cart GF73 (BS24010487) COGS,,/,GAIA Cart GF74 (BS24010488) COGS - 1150L,,GAIA Cart GF75 (BS24010489) COGS - 1150L,,GAIA Cart GE04 (BS24010491) COGS - sMCB EU 1150L,,/,GAIA Cart GE05 (BS24010499) COGS - sMCB EU 1150L,,GAIA Cart GF76 (BS24010490) COGS - 1150L,,,/,,GAIA Cart GF77 (BS2400) COGS - 1150L,,/,GAIA Cart GF78 (BS2400) COGS - 1150L,,,,GAIA Cart GE06 (GE06) COGS - sMCB EU 1150L,,,/,Aspart Cart AC07 (BS2400),,,8hrs (once a month)-Area Fumigation (8 hrs/month),Aspart Vial Diluent AD04 (BS2400),,Aspart Vial AV03 (BS2400),,GAIA Vial (GW29) COGS,,"2Days-Filling Line RQ for Vial (Washing, Filling & Sealling) (Due on 14/05/2025)",,GAIA Vial (GW30) COGS,,/,2Days-GAIA Cart P6.2 DP (900kg) - GD01,,GAIA Cart GF79 (BS2400) COGS - 1150L,,,/,GAIA Cart GF80 (BS2400) COGS - 1150L,,/,GAIA Cart GF81 (BS2400) COGS - 1150L,,GAIA Cart GF82 (BS2400) COGS - 1150L,,,/,"3Days-Clean Utilities PM & Sanitisation +  PUW Generation PM with Sanitisation + PUW Storage & Distribution PM with Sanitisation + WFI Storage & Distribution PM with Sterilisation + RQ Grade C & D area AHU + PM Grade B,C & D area AHU ",,,GAIA Cart GF83 (BS2400) COGS - 1150L,,8hrs (once a month)-Area Fumigation (8 hrs/month),GAIA Cart GF84 (BS2400) COGS - 1150L,,GAIA Vial (GW31) COGS,,/,GAIA Vial (GW32) COGS,,,/,Aspart Cart AC08 (BS2400),,GAIA Cart GF85 (BS2400) COGS - 1150L,,GAIA Cart GF86 (BS2400) COGS - 1150L,,/,GAIA Cart GF87 (BS2400) COGS - PRS (API),,8hrs (once a month)-Area Fumigation (8 hrs/month),5Days-Passivation of formulation/transfer vessel (Due date 06/2025,,,,,5Days-Media Fill R/Aspart/Glargine Vial + Gasket Change (Due date 18/06/2025),,,,,,,,,,,,,,,,,,,,,,,,,,,,,,,,,
1st Formulation & Filling ,GAIA Cart GE02 (BS24006856) COGS - sMCB,,,Sealing trial (replace the outer silicone nozel),GAIA Cart GE03 (BS24007647) MCB,,,GAIA Cart GF58 (BS24006714) COGS - PRS (API),,,GAIA Cart GF59 (BS24006715) COGS,,,"1Day-Filling Line PM + PM half-yearly FV22, FV23, FV24, ITM04, ITM05, ITM 06, FV35, FV36, FV37 + Filling and sealing LAF PM",GAIA Cart GF60 (BS24008340) COGS,,"RH excursion, Issue at CUB chiller from 17:20. RH value stable at 01:29 (Total impacted 18hrs 25 min)",GAIA Cart GF60 (BS24008340) COGS,GAIA Cart GF61 (BS24008341) COGS,,,,GAIA Cart GF62 (BS24008342) COGS,,,"EM Equipment Weekly PM (Depyrogenation Tunnel, Combi Filling Machine & Sealing Inspection Machine)/ EM Equipment Monthly PM (Automatic Washing Machine, Depyrogenation Tunnel & Combi Filling Machine) 3 hrs",GAIA Cart GF63 (BS24008737) COGS,,,,EM PM HVAC (Static Pass Box - Exit Change Room & Disinfectant Area),GAIA Cart GF64 (BS24008905) COGS,,"EM Equipment Weekly PM (Automatic Washing Machine, Depyrogenation Tunnel, Combi Filling Machine & Sealing Inspection Machine) 2 hrs",8hrs (once a month)-Area Fumigation (8 hrs/month),GAIA Cart GF65 (BS24008744) COGS - 1150L PV1,,IA Equipment Calibration (Formulation Vessel 37 * 03-01-FV-37),GAIA Cart GF66 (BS24008842) COGS - 1150L PV2,,,8hrs (once a month)-Area Fumigation (8 hrs/month) - ,GAIA Cart GF67 (BS24008862) COGS - 1150L PV3,,,"EM Equipment Weekly PM (Automatic Washing Machine, Depyrogenation Tunnel, Combi Filling Machine & Sealing Inspection Machine)/ EM Equipment Monthly PM (Autoclave FOF 6/AA) 2 hrs",1.5Days-Filling Line RQ for Cart (Filling & Sealling) (Due on 28/02/2025) - BI24017365,,IA Equipment Calibration (Caustic Storage Tank * 03-01-ALT-01 & Cold Room * DP-CL 08),3days-Clean Utility PM (Due on 27/02/25) + Grade A & B Area and equipment  RQ (Frequency 6 month),,,"EM Equipment Weekly PM (Automatic Washing Machine, Depyrogenation Tunnel, Combi Filling Machine & Sealing Inspection Machine) 2 hrs",Filling line trial for Vial,GAIA Vial GW19 (BS24006853) COGS,,,,,GAIA Vial GW20 (BS24008589) COGS,,GAIA Vial GW21 (BS24008591) COGS,,GAIA Vial GW22 (BS24009368) COGS,,,GAIA Vial GW23 (BS24009685) COGS - Guatemala (Use reserved API),,GAIA Cart GF68 (BS24009813) COGS,,,GAIA Cart GF69 (BS24009814) COGS,,8hrs (once a month)-Area Fumigation (8 hrs/month),GAIA Cart GF70 (BS24009815) COGS,GAIA Cart GF71 (BS24009816) COGS - PRS (API),,,Insugen R Cart R06 (BS24009818),,,GAIA Cart GF72 (BS24009817) COGS,,GAIA Vial GW24 (BS24010184) COGS,,,GAIA Vial GW25 (BS24010191) COGS,,,GAIA Vial GW26 (BS24010192) COGS - Batch aborted (The flexbag at SURF got burst),GAIA Vial GW27 (BS24010193) COGS,,,GAIA Vial GW28 (BS24010542) COGS,,GAIA Cart GF73 (BS24010487) COGS,,GAIA Cart GF74 (BS24010488) COGS - 1150L,,GF74/,GAIA Cart GF75 (BS24010489) COGS - 1150L,,GF75/ MRF 1000472143 - ACV06 door cannot open (10:25 - 17:01 - 6hrs 36min),GAIA Cart GE04 (BS24010815) COGS - sMCB EU 1150L,,GE04/ PRID#250639 raised for new intervention MLD stopper lock 1 position monitoring and low yield,MRF 1000472648 - One of the thread for CAM shaft support got broken.,GAIA Cart GE05 (BS24010816) COGS - sMCB EU 1150L,,,GE05/,"Troubleshoot stopper lock and Trial by EM, PDP and Syntegon",,,8hrs (once a month)-Area Fumigation (8 hrs/month),GAIA Cart GE06 (BS24010817) COGS - sMCB EU 1150L,,,,MRF 1000473995 - Calibration of MiniCapt Pro-E Microbial Air Sampler (03-01-MCP-04) & Area Cleaning,GAIA Cart GE07 (BS25000294) COGS - sMCB EU 1150L,,,b,,,GF76/,GAIA Cart GF77 (BS25000295) COGS - 1150L,,GF77/Rectification &Troubleshoot Plunger stopper Lock issue & cap chute of crimping station,GAIA Cart GF78 (BS25000589) COGS - 1150L,,GF78/,Aspart Cart AC07 (BS25000592),,AC07/GF79,GAIA Cart GF79 (BS25000590) COGS - 1150L - PRID#254426 Pre crimping and crimping issue observed (low yield),,GAIA Vial GW29 (BS25000880) COGS,,,2Days/1Day-Filling Line RQ for Vial (Tunnel) (Due on 14/05/2025),Replacement of HEPA filter + RQ,,RQ HEPA filter + Fumigation + Area cleaning,Aspart Vial AV03 (BS25000891),,GAIA Vial GW30 (BS25000882) COGS,,GAIA Vial GW31 (BS25000883) COGS,,,GAIA Vial GW32 (BS25000884) COGS,,"3Days-Clean Utilities PM & Sanitisation +  PUW Generation PM with Sanitisation + PUW Storage & Distribution PM with Sanitisation + WFI Storage & Distribution PM with Sterilisation + RQ Grade C & D area AHU + PM Grade B,C & D area AHU ",,,Aspart Vial Diluent AD04 (BS25000887),/,GAIA Cart GF80 (BS25000591) COGS - 1150L,,2Days-GAIA Cart P6.2 DP (1150kg) - GD01,,/,GAIA Cart GF81 (BS2400) COGS - 1150L,,,GAIA Cart GF82 (BS2400) COGS - 1150L,,/,GAIA Cart GF83 (BS2400) COGS - 1150L,,Aspart Cart AC08 (BS2400),,GAIA Cart GF84 (BS2400) COGS - 1150L,,/,GAIA Cart GF85 (BS2400) COGS - 1150L,,GAIA Cart GF86 (BS2400) COGS - 1150L,,/,GAIA Cart GF87 (BS2400) COGS -SRS (API),,GAIA Cart GF88 (BS2400) COGS - 1150L,,5Days-Media Fill R/Aspart/Glargine Vial + Gasket Change (Due date 18/06/2025),,,Pre Media Fill activity Gasket Change,3Days-Passivation of formulation/transfer vessel (Due date 14/06/2025),,,,,,,,,,,,,,,,,,,,,,,,,,
Manufacturing Line Equipment PM / RQ,,,,,,,,,,,,,,,,,,,,,,,,,,,,,,,,,,,,,,,,,,,,,,,,,,,,,,,,"Post shutdown Fumigation (filling, sterile staging, sealing, washing & Grade D corridor)",,,IA Equipment Calibration (Dynamic Garment Storage Cubicle * 03-01-DGSC-01/DGSC-02/DGSC-03 & Magnetic Gauge *03-02-MG-(01-59)),,"EM PM HVAC (Dynamic Pass Box - Sealing Area, Equipment Washing Area & Control Room)",,EM PM HVAC (Dynamic Pass Box - Filling Area & Sterile Staging Area),,"EM Equipment Quarterly PM (Automatic Washing Machine, Depyrogenation Tunnel, Combi Filling Machine & Sealing Inspection Machine) 5 hrs","IA Equipment Calibration (Dynamic Garment Storage Cubicle * 03-01-DGSC-04, Dynamic Pass Box *03-01-DPB-02/DPB-03/DPB-04, Trsfr to FL *03-01-FVR-35/03-01-FVR-36/03-01-FVR-37/03-01-FVR-XX & Ceiling LAF Formulation * 03-01-CLAF-04/CLAF-05/CLAF-06)",,,,,EM Equipment Halfyearly PM (Nitrogen Distribution Line) 2 hrs,"EM Equipment Weekly PM (Automatic Washing Machine, Depyrogenation Tunnel, Combi Filling Machine & Sealing Inspection Machine) 2 hrs",IA Equipment Monthly PM (Autoclave FOF 6/AA- 03-02-ACV-06),RQ Glove Integrity Testing Machine (03-01-GIM-01) Due Date,"Calibration LOAD CELL FV22-WIT01 (03-01-FV-22), LOAD CELL FV23-WIT01 (03-01-FV-23), LOAD CELL FV24-WIT01 (03-01-FV-24), Weighing balance in Formulation (03-01-WB-03 & 03-01-WEB-03), Mobile Platform (03-01-WEB-05)",,"Calibration LOAD CELL FV37-WIT01 (03-01-FV-37), Weighing Balance (03-05-WB-21)","Calibration LOAD CELL FV36-WIT01 (03-01-FV-36), Weighing Balance in formulation (03-01-WB-04), Weighing balance in Vial/Catridge Wash (03-02-WEB-06)",,Calibration LOAD CELL FV35-WIT01 (03-01-FV-35),"EM Equipment Weekly PM (Automatic Washing Machine, Depyrogenation Tunnel, Combi Filling Machine & Sealing Inspection Machine) 2 hrs",,EM Equipment Monthly PM (Autoclave FOF 6/AA- 03-02-ACV-06) 2 hrs,Calibration Peristaltic pump (03-01-PUM-03),,"Calibration Peristaltic pump (03-01-PUM-05, 03-01-PUM-06, 03-01-PUM-07, 03-01-PUM-08 & 03-01-PUM-09)",,,"EM Equipment Weekly PM (Automatic Washing Machine, Depyrogenation Tunnel, Combi Filling Machine & Sealing Inspection Machine) 2 hrs",8hrs (once a month)-Area Fumigation (8 hrs/month),,"Calibration Dynamic Pass Box (03-01-DPB-06), Dry Fogging Machine (03-02-FOG-02)",POU Sampling - Nitrogen,Calibration Glove Integrity Testing Machine (03-01-GIM-01 & 03-01-GIM-03),"Calibration pH/Conductivity Meter (03-01-PHM-03 & 03-01-PHM-04), Ceiling LAF (03-02-CLAF-01 &  03-02-CLAF-02), Ceiling LAF (03-02-CLAF-03) Equip wash, Disinfectant Laminar air flow (03-05-LAF-01), Glove Integrity Testing Machine (03-01-GIM-01 & 03-01-GIM-03)","EM Equipment Weekly PM (Automatic Washing Machine, Depyrogenation Tunnel, Combi Filling Machine & Sealing Inspection Machine) 2 hrs","EM Equipment Quarterly PM - Cleanroom for AHU (AHU 23, AHU 24, AHU 25, AHU 26, AHU 27, AHU 28, AHU 29, AHU 30)",,"EM Equipment Quarterly PM - Cleanroom for AHU (AHU 31, AHU 32, AHU 33, AHU 46, AHU 09, AHU 14)","Calibration Dynamic Pass Box (03-01-DPB-05), Ultrasonic Bath (03-02-US-01)",,"EM Equipment Weekly PM (Automatic Washing Machine, Depyrogenation Tunnel, Combi Filling Machine & Sealing Inspection Machine) 2 hrs",,,IA Equipment Monthly PM (Autoclave FOF 6/AA- 03-02-ACV-06),,,,,,"EM Equipment Weekly PM (Automatic Washing Machine, Depyrogenation Tunnel, Combi Filling Machine & Sealing Inspection Machine) 2 hrs",,,,"Calibration AHU 22, AHU 23",,,,EM Equipment Monthly/Half Yearly PM (Autoclave FOF 6/AA- 03-02-ACV-06) 4 hrs,,"Calibration Combi Line CIP Skid Tank (03-01-CPV-02), CIP Pump Recirculation 18 (03-01-PUM-18), CIP Pump Recirculation 33 (03-01-PUM-33), COP SOP (03-01-UP-04), Utility (03-01-UP-07), Utility panel (03-02-UP-01 ), Peristaltic pump (03-01-PUM-04)","EM Equipment Weekly PM (Automatic Washing Machine, Depyrogenation Tunnel, Combi Filling Machine & Sealing Inspection Machine) 2 hrs",,,,"IA Equipment Quaterly PM (Automatic Washing Machine 03-02-CWM-01, Depyrogenation Tunnel 03-02-CST-01, Combi Filling 03-02-CFM-01, Sealing Inspection Machine 03-01-CSM-01) + (Glove Integrity Machine 03-01-GIM-04)",,,,"EM Equipment Weekly/Monthly PM (Automatic Washing Machine, Depyrogenation Tunnel, Combi Filling Machine & Sealing Inspection Machine) 3 hrs",,,,,,,"EM Equipment Weekly PM (Automatic Washing Machine, Depyrogenation Tunnel, Combi Filling Machine & Sealing Inspection Machine) 2 hrs",,,,,"Calibration MiniCapt Pro E Air Sampler (03-01-MCP-01, 03-01-MCP-02, 03-01-MCP-03, 03-01-MCP-05)",,"EM Equipment Weekly PM (Automatic Washing Machine, Depyrogenation Tunnel, Combi Filling Machine & Sealing Inspection Machine) + Half Yearly PM (Mobile Vessel Tank 70L - 03-01-FV-11) 5 hrs",,,,EM Equipment Half Yearly PM (Mobile Vessel Tank 35L - 03-01-FV-05) 5 hrs,Calibration BLACK UTILITY (03-01-BLU-01),EM Equipment Half Yearly PM (Mobile Vessel Tank 150L - 03-01-FV-14) 5 hrs,RQ Vial (10ml) Due Date,"Calibration Peristaltic Pumps (03-01-PUM-01, 03-01-PUM-04 &  03-05-PUM-02), Mobile Vessel (03-01-FVXX) + EM Equipment  Monthly PM Autoclave FOF 6/AA (03-02-ACV-06)","EM Equipment Weekly PM (Automatic Washing Machine, Depyrogenation Tunnel, Combi Filling Machine & Sealing Inspection Machine) + Half Yearly PM (Mobile Vessel Tank 150L - 03-01-FV-13) 5 hrs",,"Downtime Required IT Core Switch Refreshment Activity
Date: 17-MAY-2025 (Saturday)
Time: 00:00 AM (Start) – 06:00 AM (End) MYT","EM Equipment Half Yearly PM (Mobile Vessel Tank 35L - 03-01-FV-05, Mobile Vessel Tank 35L - 03-01-FV-06, Mobile Vessel Tank 70L - 03-01-FV-12) 5 hrs",,RQ Formulation Vessel (03-01-FV-22) & Filtration Skid (03-01-ITM-06) Due Date,RQ Formulation Vessel (03-01-FV-24) & Filtration Skid (03-01-ITM-04) Due Date,"EM Equipment Weekly PM (Automatic Washing Machine, Depyrogenation Tunnel, Combi Filling Machine & Sealing Inspection Machine) 2 hrs",,RQ Formulation Vessel (03-01-FV-23) & Filtration Skid (03-01-ITM-05) Due Date,,EM Equipment Halfyearly PM (Vacuum Cleaner (Cleanroom Area) - 03-01-VCR-01) 2 hrs,RQ Formulation Transfer Vessel (03-01-FV-35 & 03-01-FV-37) Due Date,"Calibration Intergrity Test Machine (03-01-ITM-02), Intergrity Test Machine 01 (03-02-ITM-01)",Calibration Intergrity Test Machine (03-01-ITM-03),"EM Equipment Monthly + Quarterly + Half Yearly PM (Automatic Washing Machine, Depyrogenation Tunnel, Combi Filling Machine & Sealing Inspection Machine) + Half Yearly PM (Mobile Disinfectant Vessel 100L - 03-05-PV-01) 5 hrs",RQ Formulation Transfer Vessel (03-01-FV-36) Due Date,,,,,"Calibration AHU 24,  AHU 28, AHU 33","Calibration AHU 26, AHU 29",,8hrs (once a month)-Area Fumigation (8 hrs/month),,,"Calibration AHU 25, AHU 27, AHU 30, AHU 31, AHU 46",,,,,,RQ Autoclave FOF 6/AA (03-02-ACV-06) Due Date,,,,,,,,,,,,,RQ Glove Integrity Testing Machine (03-01-GIM-04) Due Date,,,,,,,,,,,,,,,,,,
Manufacturing Line Equipment PM / RQ,,,,,,,,,,,,,,,,,,,,,,,,,,,,,,,,,,,,,,,,,,,,,,,,,,,,,,,,,,,,,,,,,,,,,,,,,,,,,,,,,,,,,,,,,,,,,,,,,,,,,,,,,,,,,,,,,,,,,,,,,,,,,,,,,,,,,,,,,,,,,,,,,,,,,,,,,,,,,,,,,,,,,,,,,,,,,,,,,,,,,,,,,,,,,,,,,,,,,,,,,,NPRA Visit date,,,,,,,,,,,,,,,
,,,,,,,,,,,,,,,,,,,,,,,,,,,,,,,,,,,,,,,,,,,,,,,,,,,,,,,,,,,,,,,,,,,,,,,,,,,,,,,,,,,,,,,,,,,,,,,,,,,,,,,,,,,,,,,,,,,,,,,,,,,,,,,,,,,,,,,,,,,,,,,,,,,,,,,,,,,,,,,,,,,,,,,,,,,,,,,,,,,,,,,,,,,,,,,,,,,,,,,,,,,,,,,,,,,,,,,,,
1st AVI - 1st Floor ,,,,,,,,,,IA Equipment Quaterly PM (Automatic Visual Inspection Machine 03-02-AVI-02),,,,,/AVI GF59,AVI GF59,AVI GF59/,,/AVI GF60,AVI GF60,,AVI GF60/,,,/AVI GF61,,AVI GF61,/AVI GF62,AVI GF62,AVI GF62/,,,AVI GF63,AVI GF63/,,/AVI GF64A,AVI GF64A,,,/AVI GF65,AVI GF65,,,AVI GF65/AVI GF66,AVI GF66,,,/AVI GF67,,,Clean Utility PM,,,AVI GF67,,AVI GF67/,Monthly PM,,,,,,,,,,,,,,,,/AVI GF68B,AVI GF68B,AVI GF69,AVI GF69/,AVI GF70,,,AVI GF70/,,AVI GF71,AVI GF71/,AVI R06,AVI R06/,,AVI GF72,,,AVI GF72/,,,Monthly PM,,,,,,AVI GF73,AVI GF73/,/AVI GF74,AVI GF74,,AVI GF74/,,,,,,,AHU 24 - Humidifier Service (Acclimation Room - 5PF066) ,RQ1 AVI GF75B 36K,/RQ2 AVI GF75C 36K,RQ2 AVI GF75C 36K,/RQ3 AVI GF75D 36K,RQ3 AVI GF75D 36K,AVI  GE05,AVI  GE05,,,,,IA Equipment Quaterly PM (Automatic Visual Inspection Machine - 03-02-AVI-02),,,,AVI  GE07,AVI  GE07/,VI Coldroom RQ/AVI GF76,AVI GF76,AVI GF76/,/AVI GF77,AVI GF77,/AVI 78,AVI 78,AVI 78/,,,,,,,,,,,,,,,,,,,,,,,,,,AVI,EM Equipment Monthly/Half Yearly PM (Automatic Visual Inspection Machine - 03-02-AVI-02) 3 hrs,,,,,AVI,,AVI,,,AVI,,,,,AVI,,AVI,,,AVI,,AVI,,AVI,,,,,,,,,,,,,,,,,,,,,,,,,,,,,,
1st MVI - 1st Floor ,,,,GAIA Cart GE02 (BS24006856) COGS - sMCB,,,GE02/,GAIA Cart GE03 (BS24007647) COGS - MCB,,,GE03/GF58,GAIA Cart GF58 (BS24006714) COGS - PRS (API),,,/GF59,GAIA Cart GF59 (BS24006715) COGS,GF59/,,/GF60,GAIA Cart GF60 (BS24008340) COGS,,GF60/,,,/GF61,,GAIA Cart GF61 (BS24008341) COGS,GF61/,GAIA Cart GF62 (BS24008342) COGS,,/GF62,,GAIA Cart GF63 (BS24008737) COGS,,,/GF64A ,GAIA Cart GF64A (BS24008905) COGS,GAIA Cart GF64B (BS24008905) COGS,,/GF65,GAIA Cart GF65 (BS24008744) COGS - 1150L PV1,,,GF65/GF66,GAIA Cart GF66 (BS24008842) COGS - 1150L PV2,,,,,GAIA Cart GF67 (BS24008862) COGS - 1150L PV3,,Clean Utility PM,,GAIA Cart GF67 (BS24008862) COGS - 1150L PV3,,,,,/GW19,GAIA Vial GW19 (BS24006853) COGS,,GAIA Vial GW20 (BS24008589) COGS,GW20/GW21,GAIA Vial GW21 (BS24008591) COGS,GW21/GW22,,GAIA Vial GW22 (BS24009368) COGS,GW22/,GAIA Vial GW23 (BS24009685) COGS - Guatemala,,,GAIA Cart GF68A (BS24009813) COGS,GF68A/GF68B,GAIA Cart GF68B (BS24009813) COGS,GF68B/GF69,GAIA Cart GF69 (BS24009814) COGS,/GF70,,GAIA Cart GF70 (BS24009815) COGS,,,/GF71,GAIA Cart GF71 (BS24009816) COGS - PRS (API),/R06,Insugen R Cart R06 (BS24009818),,/GF72,,GAIA Cart GF72 (BS24009817) COGS,GF72/GW24,GAIA Vial GW24 (BS24010184) COGS,GW24/GW25,GAIA Vial GW25 (BS24010191) COGS,GAIA Vial GW27 (BS24010193) COGS,GW27/,GAIA Vial GW28 (BS24010542) COGS,GW28/,,/GF73,GAIA Cart GF73 (BS24010487) COGS,/GF74,GAIA Cart GF74 (BS24010488) COGS - 1150L,,,/GF75,GAIA Cart GF75A (BS24010489) COGS - 1150L,,GF75A/GE04A,GAIA Cart GE04A (BS24010815) COGS - sMCB EU 1150L,GAIA Cart GE04B (BS24010815) COGS - sMCB EU 1150L,IA Equipment Monthly PM (Autoclave FOF 6/AA- 03-02-ACV-06),RQ1 MVI GF75B 36K / RQ1 MVI GF75B 36K (Reinspection AVI Rejects),RQ1 MVI GF75B 36K (Reinspection AVI Rejects)/RQ2 MVI GF75C 36K,RQ2 MVI GF75C 36K (Reinspection AVI Rejects),RQ3 MVI GF75D 36K,RQ3 MVI GF75D 36K,GAIA Cart GE05 (BS24010816) COGS - sMCB EU 1150L,GAIA Cart GE05 (BS24010816) COGS - sMCB EU 1150L,,GE05/,,GAIA Cart GE06 (BS24010817) COGS - sMCB EU 1150L,GAIA Cart GE06 (BS24010817) COGS - sMCB EU 1150L,,,,GAIA Cart GE07 (BS25000294) COGS - sMCB EU 1150L,,VI Coldroom RQ,GAIA Cart GF76 (BS24010490) COGS - 1150L,GF76/,/GF77,GAIA Cart GF77 (BS25000295) COGS - 1150L,GF77/GF78,GAIA Cart GF78 (BS25000589) COGS - 1150L,,/AC07,Aspart Cart AC07 (BS25000592),,AC07/GF79,GAIA Cart GF79 (BS25000590) COGS - 1150L,,,GAIA Vial GW29 (BS25000880) COGS,GW29/,,,Aspart Vial AV03 (BS25000891),/,GAIA Vial GW30 (BS25000882) COGS,/,,GAIA Vial GW31 (BS25000883) COGS,/,GAIA Vial GW32 (BS25000884) COGS,/,,,,Aspart Vial Diluent AD04 (BS25000887),/,GAIA Cart GF80 (BS25000591) COGS - 1150L,,EM Equipment Half Yearly PM (Manual Visual Incpection Table) 2 hrs,2Days-GAIA Cart P6.2 DP (1150kg) - GD01,,,GAIA Cart GF81 (BS2400) COGS - 1150L,,GAIA Cart GF82 (BS2400) COGS - 1150L,,,GAIA Cart GF83 (BS2400) COGS - 1150L,,Aspart Cart AC08 (BS2400),,/,GAIA Cart GF84 (BS2400) COGS - 1150L,,GAIA Cart GF85 (BS2400) COGS - 1150L,,,GAIA Cart GF86 (BS2400) COGS - 1150L,,GAIA Cart GF87 (BS2400) COGS - PRS (API),,GAIA Cart GF88 (BS2400) COGS - 1150L,,,,,,,,,,,,,,,,,,,,,,,,,,,,,,
1st AVI - 1st Floor ,,,,,,,,,,IA Equipment Quaterly PM (Automatic Visual Inspection Machine 03-02-AVI-02),,,,,/AVI GF59,AVI GF59,AVI GF59/,,/AVI GF60,AVI GF60,,AVI GF60/,,,/AVI GF61,,AVI GF61,/AVI GF62,AVI GF62,AVI GF62/,,,AVI GF63,AVI GF63/,,/AVI GF64A,AVI GF64A,,,/AVI GF65,AVI GF65,,,AVI GF65/AVI GF66,AVI GF66,,,/AVI GF67,,,Clean Utility PM,,,AVI GF67,,AVI GF67/,Monthly PM,,,,,,,,,,,,,,,,/AVI GF68B,AVI GF68B,AVI GF69,AVI GF69/,AVI GF70,,,AVI GF70/,,AVI GF71,AVI GF71/,AVI R06,AVI R06/,,AVI GF72,,,AVI GF72/,,,Monthly PM,,,,,,AVI GF73,AVI GF73/,/AVI GF74,AVI GF74,,AVI GF74/,,,,,,,AHU 24 - Humidifier Service (Acclimation Room - 5PF066) ,RQ1 AVI GF75B 36K,/RQ2 AVI GF75C 36K,RQ2 AVI GF75C 36K,/RQ3 AVI GF75D 36K,RQ3 AVI GF75D 36K,AVI  GE05,AVI  GE05,,,,,IA Equipment Quaterly PM (Automatic Visual Inspection Machine - 03-02-AVI-02),,,,AVI  GE07,AVI  GE07/,VI Coldroom RQ/AVI GF76,AVI GF76,AVI GF76/,/AVI GF77,AVI GF77,/AVI 78,AVI 78,AVI 78/,,,,,,,,,,,,,,,,,,,,,,,,AVI,,,EM Equipment Monthly/Half Yearly PM (Automatic Visual Inspection Machine - 03-02-AVI-02) 3 hrs,,AVI,,,AVI,,AVI,,AVI,,,,,,AVI,,AVI,,AVI,,,AVI,,,,,,,,,,,,,,,,,,,,,,,,,,,,,,,,
1st MVI - 1st Floor ,,,,GAIA Cart GE02 (BS24006856) COGS - sMCB,,,GE02/,GAIA Cart GE03 (BS24007647) COGS - MCB,,,GE03/GF58,GAIA Cart GF58 (BS24006714) COGS - PRS (API),,,/GF59,GAIA Cart GF59 (BS24006715) COGS,GF59/,,/GF60,GAIA Cart GF60 (BS24008340) COGS,,GF60/,,,/GF61,,GAIA Cart GF61 (BS24008341) COGS,GF61/,GAIA Cart GF62 (BS24008342) COGS,,/GF62,,GAIA Cart GF63 (BS24008737) COGS,,,/GF64A ,GAIA Cart GF64A (BS24008905) COGS,GAIA Cart GF64B (BS24008905) COGS,,/GF65,GAIA Cart GF65 (BS24008744) COGS - 1150L PV1,,,GF65/GF66,GAIA Cart GF66 (BS24008842) COGS - 1150L PV2,,,,,GAIA Cart GF67 (BS24008862) COGS - 1150L PV3,,Clean Utility PM,,GAIA Cart GF67 (BS24008862) COGS - 1150L PV3,,,,,/GW19,GAIA Vial GW19 (BS24006853) COGS,,GAIA Vial GW20 (BS24008589) COGS,GW20/GW21,GAIA Vial GW21 (BS24008591) COGS,GW21/GW22,,GAIA Vial GW22 (BS24009368) COGS,GW22/,GAIA Vial GW23 (BS24009685) COGS - Guatemala,,,GAIA Cart GF68A (BS24009813) COGS,GF68A/GF68B,GAIA Cart GF68B (BS24009813) COGS,GF68B/GF69,GAIA Cart GF69 (BS24009814) COGS,/GF70,,GAIA Cart GF70 (BS24009815) COGS,,,/GF71,GAIA Cart GF71 (BS24009816) COGS - PRS (API),/R06,Insugen R Cart R06 (BS24009818),,/GF72,,GAIA Cart GF72 (BS24009817) COGS,GF72/GW24,GAIA Vial GW24 (BS24010184) COGS,GW24/GW25,GAIA Vial GW25 (BS24010191) COGS,GAIA Vial GW27 (BS24010193) COGS,GW27/,GAIA Vial GW28 (BS24010542) COGS,GW28/,,/GF73,GAIA Cart GF73 (BS24010487) COGS,/GF74,GAIA Cart GF74 (BS24010488) COGS - 1150L,,,/GF75,GAIA Cart GF75A (BS24010489) COGS - 1150L,,GF75A/GE04A,GAIA Cart GE04A (BS24010815) COGS - sMCB EU 1150L,GAIA Cart GE04B (BS24010815) COGS - sMCB EU 1150L,IA Equipment Monthly PM (Autoclave FOF 6/AA- 03-02-ACV-06),RQ1 MVI GF75B 36K / RQ1 MVI GF75B 36K (Reinspection AVI Rejects),RQ1 MVI GF75B 36K (Reinspection AVI Rejects)/RQ2 MVI GF75C 36K,RQ2 MVI GF75C 36K (Reinspection AVI Rejects),RQ3 MVI GF75D 36K,RQ3 MVI GF75D 36K,GAIA Cart GE05 (BS24010816) COGS - sMCB EU 1150L,GAIA Cart GE05 (BS24010816) COGS - sMCB EU 1150L,,GE05/,,GAIA Cart GE06 (BS24010817) COGS - sMCB EU 1150L,GAIA Cart GE06 (BS24010817) COGS - sMCB EU 1150L,,,,GAIA Cart GE07 (BS25000294) COGS - sMCB EU 1150L,,VI Coldroom RQ,GAIA Cart GF76 (BS24010490) COGS - 1150L,GF76/,/GF77,GAIA Cart GF77 (BS25000295) COGS - 1150L,GF77/GF78,GAIA Cart GF78 (BS25000589) COGS - 1150L,,/AC07,Aspart Cart AC07 (BS25000592),,AC07/GF79,GAIA Cart GF79 (BS25000590) COGS - 1150L,,,GAIA Vial GW29 (BS25000880) COGS,/,Aspart Vial AV03 (BS25000891),/,GAIA Vial GW30 (BS25000882) COGS,/,GAIA Vial GW31 (BS25000883) COGS,/,,GAIA Vial GW32 (BS25000884) COGS,/,Aspart Vial Diluent AD04 (BS25000887),/,,,,GAIA Cart GF80 (BS25000591) COGS - 1150L,,2Days-GAIA Cart P6.2 DP (1150kg) - GD01,,EM Equipment Half Yearly PM (Manual Visual Incpection Table) 2 hrs,GAIA Cart GF81 (BS2400) COGS - 1150L,,,GAIA Cart GF82 (BS2400) COGS - 1150L,,GAIA Cart GF83 (BS2400) COGS - 1150L,,GAIA Cart GF84 (BS2400) COGS - 1150L,,,Aspart Cart AC08 (BS2400),,/,GAIA Cart GF85 (BS2400) COGS - 1150L,,GAIA Cart GF86 (BS2400) COGS - 1150L,,GAIA Cart GF87 (BS2400) COGS - PRS (API),,,GAIA Cart GF88 (BS2400) COGS - 1150L,,,,,,,,,,,,,,,,,,,,,,,,,,,,,,,,
2nd AVI - 1st Floor ,,,,,,,,,,,,,,,,,,,,,,,,,,,,,,,,,,,,,,,,,,,,,,,,,,,,,,,,,,,,,,,,,,,,,,,,,,,,,,,,,,,,,,,,,,,,,,,,,,,,,,,,,,,,,,,,,,,,,,,,,,,,,,,,,,,,,,,,,,,,,,,,,,,,,,,,,,,,,,,,,,,,,,,,,,,,,,,,,,,,,,,,,,,,,,,,,,,,,,,,,,,,,,,,,,,,,,,,,
2nd MVI - 1st Floor ,,,,,,,,,,,,,,,,,,,,,,,,,,,,,,,,,,,,,,,,,,,,,,,,,,,,,,,,,,,,,,,,,,,,,,,,,,,,,,,,,,,,,,,,,,,,,,,,,,,,,,,,,,,,,,,,,,,,,,,,,,,,,,,,,,,,,,,,,,,,,,,,,,,,,,,,,,,,,,,,,,,,,,,,,,,,,,,,,,,,,,,,,,,,,,,,,,,,,,,,,,,,,,,,,,,,,,,,,
,,,,,,,,,,,,,,,,,,,,,,,,,,,,,,,,,,,,,,,,,,,,,,,,,,,,,,,,,,,,,,,,,,,,,,,,,,,,,,,,,,,,,,,,,,,,,,,,,,,,,,,,,,,,,,,,,,,,,,,,,,,,,,,,,,,,,,,,,,,,,,,,,,,,,,,,,,,,,,,,,,,,,,,,,,,,,,,,,,,,,,,,,,,,,,,,,,,,,,,,,,,,,,,,,,,,,,,,,
Ground Floor (Kit Box Pack),,,,,,,,,,,"GAIA Cart GE03B BB (BS24007647) COGS 35K (1 pallet)
Pak Batch : BS24008418
Pack Batch : ",,,,,,,,,,,,,,,,,,,,,DVT Sample PMO x 2 batches,,,,,,,,,,,,,,,,,,,,,,,,,,,,,,,,,,,,,,,,,,,,,,,,,,,,,,,,,,,,,,,,,,,,,,,,,,,,,,,,,,,,,,,,"GAIA Cart GF75E ( BS24010489)2K Sample packing for Design Verification Testing
Pak Batch : BM25000094","GAIA Cart GE05A BB (BS24010816) COGS - sMCB EU 1150L (6 + 1 = 7 pallets)
Pak Batch : BS24010666",,,GE05A/,,,,,,,,,,,,,,,,,,"Aspart Cart AC07 (BS25000592) 3.5K Sample for Phillips Medisize development
Pak Batch : BM25000281",,,,,,,,,,,,,,,,,,,,,,,,,,,,,,,,,,,,,,,,,,,,,,,,,,,,,,,,,,,,,,,,,,,,,,,,Cart 1150L,8,0.33,2.6
Combi (Marchesini),,,,,,,,,,,,,,,Pre production trial,,,,,,,,,,,,,,,,,Monthly PM,,,,Combi Line Trial (Vial),,,,,,,,,,,,,,,,,,,,Quarterly PM,,,Combi Line Trial (Vial),,"GAIA Vial GW19 AG (BS24006853) US 351K
Pack Batch : BF24005626",,,GW19/EM/IA do repair work for Step Motor Alarm.,"GAIA Vial GW20 AG (BS24008589) US 351K
Pack Batch : BF24007261",,,GW20/GW22,"GAIA Vial GW22 AG (BS24009368) US 351K
Pack Batch : BF24007575",,GW22/GW21,"GAIA Vial GW21 AG (BS24008591) US 351K
Pack Batch : BF24007262",,,,/GW23,"GAIA Vial GW23 (BS24009685) GT - Guatemala
Pack Batch : BF24007576",,,Monthly PM,Convert from Vial to Cart,,Combi Line Trial (Cart),,,,"Insugen R Cart R06 (BS24009818)
Pack Batch : BF24007766",,,,R06/Convert from Cart to Vial,Convert from Cart to Vial,"GAIA Vial GW24 AG (BS24010184) US 351K
Pack Batch : BF24007911",,,"GAIA Vial GW25 AG (BS24010191) US 351K
Pack Batch : BF24007912",,"GAIA Vial GW27 AG (BS24010193) US 351K
Pack Batch : BF24008329",GW27/GW28,"GAIA Vial GW28 AG (BS24010542) US 351K
Pack Batch : BF24008330",,,,,,,,,,,,,,,,,,,,,,,,,,,,,,,,,,,,,,,,,,,,Trial for line readiness Vial AG,Trial for line readiness Vial Semglee/GW29A,"GAIA Vial GW29A AG 81K (BS25000880) US 351K
Pak Batch : BF25000496",,"GAIA Vial GW29B Semglee 20K (BS25000880) US 351K
Pak Batch : BF25000497",,,,,"GAIA Vial GW30 AG (BS25000882) US 351K
Pak Batch : BF25000590",,,"GAIA Vial GW31 AG (BS25000883) US 351K
Pak Batch : BF25000646",,,"GAIA Vial GW32 AG (BS25000884) US 351K
Pak Batch : BF25000647",,,Recipe Creation and Trial for Aspart Vial/Vial Diluent,,Aspart Diluent Vial AD04 (BS25000887),,,,Aspart Vial AV03 (BS25000891),,,Convert from Vial to Cart,,Combi Line Trial (Cart),GAIA Cart P6.2 DP (1150kg) - GD01 Stability packing,,,,,,,,,,,,,,,,,,,,,,,,,,,,,,,,,,,,,,,,Cart 900L,2,0.25,0.5
1st Pen Assembly (Micron) BIB03,,,,,,,,,,,,,,,,,,,,,,,,,,,,,,,,,,Assy 1 Line Trial,,,,,,,,,,,,,,,,,,,Assy 1 Line Trial,,,"GAIA Cart GF66 (BS24008842) 1150L PV2
Pen Assembly : BS24009222",,,,,,,,,,,,,,,,,,,,,Batch unable to start due to motor ecopal pending support from Micron vendor,,,,,,,,,,,,Monthly PM,,,,,,,,,,,,,,,,,/GF74,"GAIA Cart GF74 (BS24010488) COGS - 1150L
Pen Assembly : BS24010661",,,,,,,,"GAIA Cart GF75C 36K (BS24010489) COGS 
Pen Assembly : BS24010162",,,,,,,,,,,,,,,,,,,Pending interim COA for GF77,,"GAIA Cart GF77 (BS25000295) COGS - 1150L - RQ Due Date 10/05/2025
Pen Assembly : BS25000638",,,,Pending interim COA for AC07,,,,,"Aspart Cart AC07 (BS25000592)
Pen Assembly : BS25000633",,/,Assembly line BIB03 vision PC repair ,,,,,,,,,,,,,,,,,"GAIA Cart GF80 (BS25000591) COGS - 1150L
Pen Assembly : ",,,,,,,,GAIA Cart GF82 (BS2400) COGS - 1150L,,,,,Aspart Cart AC08 (BS2400),,/,,,GAIA Cart GF85 (BS2400) COGS - 1150L *1st Commercial Tower Core,,,,,GAIA Cart GF87 (BS2400) COGS - PRS (API),,/,,,,,,,,,,,,,,,,,,,,,,,,Vial,3,0.31,0.9
2nd Pen Assembly (Micron) BIB05,"Aspart Cart AC06D 70K (BS23003548)
Pen Assembly : BS24008188",,,,,,,"GAIA Cart GE02 (BS24006856) COGS - sMCB
Pen Assembly : BS24006989",,,,"GAIA Cart GE03A (BS24007647) COGS - MCB
Pen Assembly : BS24006718
Pack Batch : ",,,,"GAIA Cart GF58A (BS24006714) MB COGS - PRS (API)
Pen Assembly : BS24006719",,,,,,"GAIA Cart GF59 (BS24006715) COGS
Pen Assembly : BS24008221",,,"GAIA Cart GF60 (BS24008340) COGS
Pen Assembly : BS24008222",,,,,,,"GAIA Cart GF61 (BS24008341) COGS
Pen Assembly : BS24008565",GF61/,"GAIA Cart GF62 (BS24008342) COGS
Pen Assembly : BS24008566",,GF62/GF63,"GAIA Cart GF63 (BS24008737) COGS
Pen Assembly : BS24008827",,Yearly PM,/GF64,"GAIA Cart GF64A (BS24008905) COGS
Pen Assembly : BS24008828",,,,Interim COA received at 10PM,,,"GAIA Cart GF65 (BS24008744) 1150L PV1
Pen Assembly : BS24009221",,,,,,,,,"GAIA Cart GF58B (BS24006714) COGS BB 9.5K - PRS (API)
Pen Assembly : BS24008846",GF58B/,Batch unable to start due to driver ecopal pending support from Micron vendor,,,/GF67,"GAIA Cart GF67 (BS24008862) 1150L PV3
Pen Assembly : BS24009223",,GF67/,,,,,,,,,Monthly PM,/GF68B,"GAIA Cart GF68B 248K (BS24009813) COGS
Pen Assembly : BS24010019",GF68B/,"GAIA Cart GF68A 15K (BS24009813) COGS
Pen Assembly : BS24010158","GAIA Cart GF69 (BS24009814) COGS
Pen Assembly : BS24010020",,,"GAIA Cart GF70 (BS24009815) COGS
Pen Assembly : BS24010021",,"GAIA Cart GF71 (BS24009816) COGS - PRS (API)
Pen Assembly : BS24010022",,GF71/,,,,,"GAIA Cart GF72 (BS24009817) COGS
Pen Assembly : BS24010023",,,CSV by IA,,,,,,,,,,/GF73,"GAIA Cart GF73 (BS24010487) COGS
Pen Assembly : BS24010660",/GF73,,Pending interim COA for GF75,"GAIA Cart GF75A (BS24010489) COGS - 1150L
Pen Assembly : BS24010662",,,,,"GAIA Cart GF75B 36K (BS24010489) COGS 
Pen Assembly : BS24010161",,"GAIA Cart GE04A 64K (BS24010815) COGS - sMCB EU 1150L
Pen Assembly : BS24010663",,"GAIA Cart GF75D 36K (BS24010489) COGS 
Pen Assembly : BS24010163",,"GAIA Cart GE05B (BS24010816) COGS - sMCB EU 1150L
Pen Assembly : BS25000414",,,,,,,"GAIA Cart GE06 (BS24010817) COGS - sMCB EU 1150L
Pen Assembly : BS24010664",,,"GAIA Cart GE07 (BS25000294) COGS - sMCB EU 1150L
Pen Assembly : BS25000631",,,"GAIA Cart GF76 (BS24010490) COGS - 1150L
Pen Assembly : BS25000632",,GF76/,Pending interim COA for GF78,,,"GAIA Cart GF78 (BS25000589) COGS - 1150L
Pen Assembly : BS25000879",,,Pending interim COA for GF79,,,,,,"GAIA Cart GF79 (BS25000590) COGS - 1150L
Pen Assembly : BS25000901",,,,,,,,,,,,,,,,,,,,,,GAIA Cart GF81  (BS2400) COGS - 1150L,,,,,GAIA Cart GF83 (BS2400) COGS - 1150L,,,,,GAIA Cart GF84 (BS2400) COGS - 1150L,,,,,GAIA Cart GF86 (BS2400) COGS - 1150L,,,,GAIA Cart GF86 (BS2400) COGS - 1150L,,,,,,,,,,,,,,,,,,,,,,,,,Aspart Vial,2,0.31,0.04
1st Pen Packing & Aggregation (Marchesini),GE01C/,Recipe trial for Aspart Kirsty Canada,"Aspart Cart AC06C Kirsty (BS23003548) CA - Canada 110K
Pen Pack : BF24006314",,,CSV by IA,Challenge test kit trial - Kim,Recipe Creation and Trial for Semglee United Kingdom,,/GE02A,"GAIA Cart GE02A Semglee (BS24006856) ES - Spain 103K
Pen Pack : BF24006539",,GE02A/,Recipe Creation and Trial for Semglee Canada,"GAIA Cart GF03A-B Semglee (BS24007647) TH - Thailand 19K (BBL)
Pen Pack : BF24006614",GF03A-B/AC06D-A,"Aspart Cart AC06D-A Kirsty (BS23003548) AR - Argentina 9.5K MB
Pen Pack : BF24006613","GAIA Cart GF03A-A Semglee (BS24007647) UK - United Kingdom 89K
Pen Pack : BF24006615
Pack Batch : ",,,,"GAIA Cart GF58A-A Semglee (BS24006714) CA - Canada 93K
Pen Pack : BF24006758",,,,,/GF60,"GAIA Cart GF60 AG (BS24008340) US 351K
Pen Pack : BF24006763",,,/GF60,,/GF61A,"GAIA Cart GF61A Semglee (BS24008341) CA - Canada 26.5K
Pen Pack : BF24006901",,ME Line Trial (RHI conveyor & PCM),"GAIA Cart GF62 Semglee (BS24008342) US 351K
Pen Pack : BF24006764",,,,,,,/GF64A,"GAIA Cart GF64A Semglee (BS24008905) US 351K
Pen Pack : BF24007144",,,,,,,Unable to retrieve audit trail,,,,"GAIA Cart GF65 Semglee (BS24008744) US 351K - 1150L PV1
Pen Pack : BF24007259",,,GF65/,,CAPA Trail for Recipe correction CZ/SK,,BPR Effective and Dispensing Activity,/GF58B,"GAIA Cart GF58B Semglee (BS24006714) UY - Uruguay 7.5K BB
Pen Pack : BF24007582",,,,,,,,Recipe Creation & Trial for Nepal Market,,,Label Trial Thunderprint - OE (ME),,,"GAIA Cart GF68A 15K AG (BS24009813) US 351K 
Pen Pack : BF24007907",GF68A/,Recipe Creation & Trial for Mauritius Market,"GAIA Cart GF69 AG (BS24009814) US 351K 
Pen Pack : BF24007763",,,/GF69,"GAIA Cart GF71B Semglee (BS24009816) TH - Thailand 15K (BBL)
Pen Pack : BF24007895",GF71B/GF71C,"GAIA Cart GF71C Semglee (BS24009816) NP - Nepal 22.5K
Pen Pack : BF24007892",Recipe Creation & Trial for UAE Market,"GAIA Cart GF71F Semglee (BS24009816) MA - Morocco 78K
Pen Pack : BF24007893",,"GAIA Cart GF71D Semglee (BS24009816) UAE - UAE 37K
Pen Pack : BF24008178",GF71D/GF71E,"GAIA Cart GF71E Semglee (BS24009816) MU - Mauritius 11.5K
Pen Pack : BF24007894",GF71E/,,New Carton Trial - OE (ME),,,,,,,,,,"GAIA Cart GF73A Semglee (BS24010487) CA - Canada 175K
Pen Pack : BF24008451",,,,Recipe registration at the pen labelling station by IA,"GAIA Cart GF74 AG (BS24010488) US 351K - 1150L
Pen Pack : BF25000075",Aggregation on hold as batch number not reflecting in PEC for shipper and pallet. Pallet and shipper were in finished state in PMC.,"GAIA Cart GF74 AG (BS24010488) US 351K - 1150L : PRID#251390 - Shipper and Pallet level in finished state
Pen Pack : BF25000075",,,,,Aggregation (shipper & Pallet) completion for GF74,,,"GAIA Cart GF75B 36K AG (BS24010489) US 351K
Pen Pack : BF25000100",GF75B/75D,"GAIA Cart GF75D 36K AG (BS24010489) US 351K
Pen Pack : BF25000101
Pen Pack : BF25000101","GAIA Cart GE05B Semglee (BS24010816) PT - Portugal 29K
Pen Pack : BF24008791",,,Pen Label Trial by OE,,"GAIA Cart GE06A Semglee (BS24010817) UK - United Kingdom 123K
Pen Pack : BF25000349",,,"GAIA Cart GE07B Semglee (BS25000294) UK - United Kingdom 82K
Pen Pack : BF25000352",GE07B/GE07E,"GAIA Cart GE07E Semglee (BS25000294) AT - Austria 46.5K
Pen Pack : BF25000357",GE07E/Portugal recipe correction,Portugal recipe correction/GE07A,"GAIA Cart GE07A Semglee (BS25000294) PT - Portugal 57K
Pen Pack : BF25000351",,"GAIA Cart GF77 AG (BS25000295) US 351K - 1150L
Pen Pack : BF25000353",,High rejection at Camera 2 PLM,"GAIA Cart GF77 AG (BS25000295) US 351K - 1150L
Pen Pack : BF25000353",Line Idle due to seavision intervention by IA,"GAIA Cart GF77 AG (BS25000295) US 351K - 1150L
Pen Pack : BF25000353",GF77/GE06C,"GAIA Cart GE06C Semglee (BS24010817) CZ/SK - Czeck/Slovakia 46.5K
Pen Pack : BF25000350","GAIA Cart GE07F Semglee (BS25000294) CZ/SK - Czeck/Slovakia 62K
Pen Pack : BF25000492",,"Aspart Cart AC07A Kirsty (BS25000592) CA - Canada 102K
Pen Pack : BF25000587",,,/," AC07B Aspart (BS25000592) UAE - UAE-28.5K
Pen Pack : BF25000588",,"GAIA Cart GF73B Semglee (BS24010487) CA - Canada Balance qty
Pen Pack : BF25000645",,,Recipe Creation & Trial for Aspart Argentina Market,,,,,,,,,,GAIA Cart GF80 (BS25000591) COGS - 1150L,,,,,,,GAIA Cart GF82 (BS2400) COGS - 1150L,,,Aspart Cart AC07C Kirsty (BS25000592) US - 125K - Pending SPM,,Aspart Cart AC08 (BS2400) UAE 100K,,Aspart Cart AC08 (BS2400) AR - Argentina 150K,,,GAIA Cart GF85 (BS2400) COGS - 1150L *1st Commercial Tower Core,,,,,"GAIA Cart GF87D Semglee (BS2400) UAE 125K
Pen Pack : ",,/,"GAIA Cart GF87E Semglee (BS2400) TH - Thailand 24K
Pen Pack : ","GAIA Cart GF87B Semglee (BS2400) AR - Argentina 80K
Pen Pack : ",,Aspart Cart AC08 (BS2400) CA - Canada 25K,,,,,,,,,,,,,,,,,,Outlook,,3.1
2nd Pen Packing & Aggregation (IMA),,,,,,,,,,,,,,,,Recipe Trial for US Market + Challenge test kit trial,"GAIA Cart GE03A-C AG 118K (BS24007647) US 351K
Pen Pack : BF24006604",,,Recipe Trial for Germany Market,"GAIA Cart GE02B Semglee (BS24006856) DE - Germany 143K
Pen Pack : BF24006537",,,,GE02B/,,"GAIA Cart GF59 AG (BS24006715) US 351K
Pen Pack : BF24006638",,GF59/,,,,/GF61B,"GAIA Cart GF61B AG (BS24008341) US 351K
Pen Pack : BF24006762",,,,/GF63,,"GAIA Cart GF63 Semglee (BS24008737) US 351K
Pen Pack : BF24007020",,,GF63/,OEE Vendor Intervention,,,,,,,,/AC06D-B,"Aspart Cart AC06D-B Kirsty (BS23003548) CA - Canada 59K
Pen Pack : BF24007273",,,,,Trial runs for new carton material by QE ,,,,"GAIA Cart GF66 AG (BS24008842) US 351K - 1150L PV2 - Batch Ended due to work order unable to assign
Pen Pack : BF24007258",Dispensing/ Start batch preparation/ Trial run,"GAIA Cart GF66 AG (BS24008842) US 351K - 1150L PV2
Pen Pack : BF24007586",,,,GF66/GF67,"GAIA Cart GF67 AG (BS24008862) US 351K - 1150L PV3
Pen Pack : BF24007260",,,Label Trial Thunderprint - OE (IMA),,,,,/GF68B,,"GAIA Cart GF68B AG 248K (BS24009813) US 351K 
Pen Pack : BF24007762",,,GF68B/,Recipe Trial for Argentina Market,"GAIA Cart GF70 Semglee (BS24009815) US 351K 
Pen Pack : BF24007764",,,GF70/,,"GAIA Cart GF71A Semglee (BS24009816) AR - Argentina 82K
Pen Pack : BF24007897",GF71A/GF71G,"GAIA Cart GF71G AG 19.5K (BS24009816) US 351K - PRS (API)
Pen Pack : BF24007908",,"GAIA Cart GF72 AG (BS24009817) US 351K
Pen Pack : BF24007909",,GF72/,New Carton Trial - OE (IMA),,,,,,,,OEE Tracking system Trial,,,,,,,,Trial for Austria (AT) Market,Trial for Austria (AT) Market / GF75A,"GAIA Cart GF75A AG (BS24010489) US 351K - 1150L
Pen Pack : BF24008790",,,,"GAIA Cart GF75A AG (BS24010489) US 351K - 1150L
Pen Pack : BF24008790","GAIA Cart GF75C 36K AG (BS24010489) US 351K
Pen Pack : BF25000099",,"GAIA Cart GE04A Semglee (BS24010815) AT - Austria 64K 
Pen Pack : BF24008793",,,GE04A/,,,Review  currently installed camera and GUI,,,"GAIA Cart GE06B Semglee (BS24010817) ES - Spain 168K
Pen Pack : BF25000354",,GE06B/,"GAIA Cart GE07C Semglee (BS25000294) ES - Spain 50K
Pen Pack : BF25000355",GE07C/GE07D,"GAIA Cart GE07D Semglee (BS25000294) DE - Germany 41.5K
Pen Pack : BF25000356",,GE07D/GF76,"GAIA Cart GF76 AG (BS24010490) US 351K - 1150L
Pen Pack : BF25000336",Intermittent pen pickup error/Immediate stop from robot feeder (PCM),"GAIA Cart GF76 AG (BS24010490) US 351K - 1150L
Pen Pack : BF25000336",,"Screwfeed at TLS – spring twisted MRF raised for replacement,","GAIA Cart GF76 AG (BS24010490) US 351K - 1150L
Pen Pack : BF25000336",GF76/Stellar cyber agent installation and line PM,"GAIA Cart GF78 AG (BS25000589) US 351K - 1150L
Pen Pack : BF25000494",,,/,,"GAIA Cart GF79 AG (BS25000590) US 351K - 1150L
Pen Pack : BF25000495",,,,,,,Recipe Creation & Trial for Morocco Market,,Recipe Creation & Trial for Bostwana Market,,,,,LPD Periodic Review EM/IA,,,,,,,,,GAIA Cart GF81  (BS2400) COGS - 1150L,,,,,GAIA Cart GF83 (BS2400) COGS - 1150L,,,/,,GAIA Cart GF84 (BS2400) COGS - 1150L,,,,,GAIA Cart GF86 (BS2400) COGS - 1150L,,,/,"GAIA Cart GF87A Semglee (BS2400) MA - Morocco 91K
Pen Pack : ",,GAIA Cart GF86 (BS2400) COGS - 1150L,,,/,"GAIA Cart GF87C Semglee (BS2400) BW - Botswana 30390K
Pen Pack : ",,,,,,,,,,,,,,,,,Completed,,4.4
Manual Pen/ Vial Packing (2nd Agg.),,,,,,,,,,,,,,,,,,,,,,,,,,,,,,,,,,Monthly PM,,,,,,,,,,,,,,,,,Monthly PM,,,,,Installation BIB06,,,,,,,Commisioning BIB06,,,,,,,SAT BIB06,,,,,,,,,,,,,,,,Monthly/ Half yearly  PM,,,,,,,,,,,,,,,,,,,,,,,,,,,,,,,,,,,,,,,,,,,,,,,,,,,,,,,,,,,,,,,,,,,,,,,,,,,,,,,,,,,,,,,,,,,,,,,,,,,,,,,,,,,,,,,,,,,,,,,,,,,,,,,,,Total Volume,,#REF!
Total of line,2,0,1,1,,0,0,1,1,1,1,2,2,,1,2,2,,2,2,,3,,2,2,,3,2,2,2,,1,2,3,,3,2,3,,3,3,,2,1,1,,,2,,,2,2,1,,,3,3,3,2,2,2,3,2,4,4,,2,2,2,2,2,1,1,1,1,2,3,,4,3,,3,3,2,3,3,3,,3,3,3,3,3,2,2,1,1,1,1,1,1,1,1,2,2,2,2,2,2,,2,,1,3,3,3,,3,,3,3,,3,3,,1,1,1,1,3,3,2,3,3,4,3,4,3,3,3,3,3,,2,3,4,3,4,4,2,2,,3,3,1,1,1,1,1,1,1,1,1,1,2,,2,2,2,3,2,1,2,2,3,2,2,3,2,3,3,3,3,3,3,3,2,3,2,2,2,2,2,2,2,2,1,,,,,,,,,,,,,,,,,,,,
Packing Line Equipment PM / RQ,PM AHU 05 - (Assy1 & ME),,,,,,,CSV Due Date for ME,RQ Due Date for ME,,,,,,,,,,,,,,,,,,,,,,,,,,,,,,,,,,,,,,,,,,,,,,,,,,,,,,,,,,,,,Calibration Weighing Balance (03-01-WEB-01/ 03-03-WEB-33) & Weighing Balance (03-03-WB-28),Calibration AHU 06,Calibration Checkweigher Manual Pen Packing (03-03-CHW-01),,,,,,,Annual OPC 1 Calibration Due Date,,,,,,,,,,,,,,,,,,,,,,,,,,,,AHU 07 - Humidifier Service (Acclimation Room - 5PG061) ,,,,,AHU 23 - Humidifier Service (Acclimation Room - 5WG 39B) ,,,,,,,,,,,,,,,,AVI 1 RQ Due Date,,,,,,,,,,,,,EM Equipment Halfyearly PM (Hydraulic Pallet Trolley - 2500KG) 2 hrs,EM Equipment Halfyearly PM (Hydraulic Pallet Trolley) 2 hrs,,,,,Assembly 1 (BIB03) RQ Due Date,,,,,,,,"Downtime Required IT Core Switch Refreshment Activity
Date: 17-MAY-2025 (Saturday)
Time: 00:00 AM (Start) – 06:00 AM (End) MYT",,,,,,,,,Calibration Polmon GF Pack Corridor (PD06/PD04/RDU02),,,,Calibration Polmon GF Pack Corridor (PD01/PD05),,,,,,,,,,,,,,,,,,,,,,,,,,,,,,,,,,,,,,,,,,,,,Annual OPC 2 Calibration Due Date (15/10/25),,,,
